id,name,gender,birthDate,conditions,medications
81fe96ec-932a-a01f-4b1b-4232b8e8df02,Terrance440 Moore224,male,2010-09-24,Medication review due (situation); Streptococcal sore throat (disorder); Medication review due (situation); Gingivitis (disorder); Primary dental caries (disorder); Viral sinusitis (disorder); Gingivitis (disorder); Acute bronchitis (disorder); Primary dental caries (disorder); Gingivitis (disorder); Viral sinusitis (disorder); Medication review due (situation); Medication review due (situation); Streptococcal sore throat (disorder); Medication review due (situation); Child attention deficit disorder (disorder),Penicillin V Potassium 250 MG Oral Tablet; Acetaminophen 21.7 MG/ML / Dextromethorphan Hydrobromide 1 MG/ML / doxylamine succinate 0.417 MG/ML Oral Solution; Penicillin V Potassium 250 MG Oral Tablet; Methylphenidate Hydrochloride 20 MG Oral Tablet
2ba3495b-a358-f386-d015-6898d86c1e91,Carmine137 Spinka232,male,2015-04-04,Viral sinusitis (disorder); Medication review due (situation); Acute viral pharyngitis (disorder); Medication review due (situation); Medication review due (situation); Medication review due (situation); Medication review due (situation); Acute viral pharyngitis (disorder); Medication review due (situation); Medication review due (situation); Sprain (morphologic abnormality); Sprain of ankle (disorder); Medication review due (situation); Medication review due (situation); Gingivitis (disorder); Infection of tooth (disorder); Medication review due (situation); Gingivitis (disorder),Ibuprofen 100 MG Oral Tablet
3e136016-3452-668b-6402-0d346f60c364,Rolf983 Runte676,male,1987-05-23,Received higher education (finding); Lack of access to transportation (finding); Transport problem (finding); Has a criminal record (finding); Chronic pain (finding); Chronic low back pain (finding); Chronic neck pain (finding); Part-time employment (finding); Medication review due (situation); Not in labor force (finding); Limited social contact (finding); Stress (finding); Gingivitis (disorder); Infection of tooth (disorder); Gingival disease (disorder); Loss of teeth (disorder); Medication review due (situation); Part-time employment (finding); Gingivitis (disorder); Gingival disease (disorder); Medication review due (situation); Full-time employment (finding); Limited social contact (finding); Stress (finding); Reports of violence in the environment (finding); Gingivitis (disorder); Gingivitis (disorder); Primary dental caries (disorder); Part-time employment (finding); Social isolation (finding); Acute viral pharyngitis (disorder); Limited social contact (finding); Medication review due (situation); Unemployed (finding); Reports of violence in the environment (finding); Gingivitis (disorder); Viral sinusitis (disorder); Full-time employment (finding),diphenhydrAMINE Hydrochloride 25 MG Oral Tablet; NDA020800 0.3 ML Epinephrine 1 MG/ML Auto-Injector; budesonide 0.25 MG/ML Inhalation Suspension; Acetaminophen 325 MG Oral Tablet [Tylenol]; Ibuprofen 400 MG Oral Tablet [Ibu]; tramadol hydrochloride 50 MG Oral Tablet; albuterol 0.83 MG/ML Inhalation Solution; budesonide 0.25 MG/ML Inhalation Suspension; Acetaminophen 325 MG Oral Tablet [Tylenol]; Ibuprofen 400 MG Oral Tablet [Ibu]; tramadol hydrochloride 50 MG Oral Tablet; albuterol 0.83 MG/ML Inhalation Solution; budesonide 0.25 MG/ML Inhalation Suspension; Acetaminophen 325 MG Oral Tablet [Tylenol]; Ibuprofen 400 MG Oral Tablet [Ibu]; tramadol hydrochloride 50 MG Oral Tablet; albuterol 0.83 MG/ML Inhalation Solution; budesonide 0.25 MG/ML Inhalation Suspension; Acetaminophen 325 MG Oral Tablet [Tylenol]; Ibuprofen 400 MG Oral Tablet [Ibu]; tramadol hydrochloride 50 MG Oral Tablet; albuterol 0.83 MG/ML Inhalation Solution; budesonide 0.25 MG/ML Inhalation Suspension; Acetaminophen 325 MG Oral Tablet [Tylenol]; Ibuprofen 400 MG Oral Tablet [Ibu]; tramadol hydrochloride 50 MG Oral Tablet; albuterol 0.83 MG/ML Inhalation Solution; budesonide 0.25 MG/ML Inhalation Suspension; Acetaminophen 325 MG Oral Tablet [Tylenol]; Ibuprofen 400 MG Oral Tablet [Ibu]; tramadol hydrochloride 50 MG Oral Tablet; albuterol 0.83 MG/ML Inhalation Solution; budesonide 0.25 MG/ML Inhalation Suspension; Acetaminophen 325 MG Oral Tablet [Tylenol]; Ibuprofen 400 MG Oral Tablet [Ibu]; tramadol hydrochloride 50 MG Oral Tablet; albuterol 0.83 MG/ML Inhalation Solution; budesonide 0.25 MG/ML Inhalation Suspension; Acetaminophen 325 MG Oral Tablet [Tylenol]; Ibuprofen 400 MG Oral Tablet [Ibu]; tramadol hydrochloride 50 MG Oral Tablet; albuterol 0.83 MG/ML Inhalation Solution; budesonide 0.25 MG/ML Inhalation Suspension; Acetaminophen 325 MG Oral Tablet [Tylenol]; Ibuprofen 400 MG Oral Tablet [Ibu]; tramadol hydrochloride 50 MG Oral Tablet; albuterol 0.83 MG/ML Inhalation Solution; budesonide 0.25 MG/ML Inhalation Suspension; Acetaminophen 325 MG Oral Tablet [Tylenol]; Ibuprofen 400 MG Oral Tablet [Ibu]; tramadol hydrochloride 50 MG Oral Tablet; albuterol 0.83 MG/ML Inhalation Solution; budesonide 0.25 MG/ML Inhalation Suspension; Acetaminophen 325 MG Oral Tablet [Tylenol]; Ibuprofen 400 MG Oral Tablet [Ibu]; tramadol hydrochloride 50 MG Oral Tablet; albuterol 0.83 MG/ML Inhalation Solution
9b81a999-e85d-346c-aee7-1e212698a4c4,Madalyn472 Hickle134,female,1952-03-21,Seizure disorder (disorder); History of seizure (situation); Epilepsy (disorder); Received higher education (finding); Social isolation (finding); Recurrent urinary tract infection (disorder); Body mass index 30+ - obesity (finding); History of tubal ligation (situation); Part-time employment (finding); Viral sinusitis (disorder); Medication review due (situation); Full-time employment (finding); Unemployed (finding); Stress (finding); Reports of violence in the environment (finding); Infection of tooth (disorder); Alveolitis of jaw (disorder); Loss of teeth (disorder); Human immunodeficiency virus infection (disorder); Viral sinusitis (disorder); Anemia (disorder); Chronic hepatitis C (disorder); Part-time employment (finding); Essential hypertension (disorder); Not in labor force (finding); Part-time employment (finding); Stress (finding); Victim of intimate partner abuse (finding); Medication review due (situation); Full-time employment (finding); Stress (finding); Not in labor force (finding); Limited social contact (finding); Gingivitis (disorder); Gingival disease (disorder); Leaking dental filling (finding); Medication review due (situation); Full-time employment (finding); Stress (finding); Gingivitis (disorder),Amoxicillin 250 MG / Clavulanate 125 MG Oral Tablet; lamivudine 150 MG / zidovudine 300 MG Oral Tablet; lopinavir 200 MG / ritonavir 50 MG Oral Tablet; lamivudine 150 MG / zidovudine 300 MG Oral Tablet; lopinavir 200 MG / ritonavir 50 MG Oral Tablet; lisinopril 10 MG Oral Tablet; amLODIPine 2.5 MG Oral Tablet; Hydrochlorothiazide 25 MG Oral Tablet; Hydrochlorothiazide 25 MG Oral Tablet; lamivudine 150 MG / zidovudine 300 MG Oral Tablet; lisinopril 10 MG Oral Tablet; lopinavir 200 MG / ritonavir 50 MG Oral Tablet; amLODIPine 2.5 MG Oral Tablet; Hydrochlorothiazide 25 MG Oral Tablet; lamivudine 150 MG / zidovudine 300 MG Oral Tablet; lisinopril 10 MG Oral Tablet; lopinavir 200 MG / ritonavir 50 MG Oral Tablet; amLODIPine 2.5 MG Oral Tablet; emtricitabine 200 MG / tenofovir disoproxil fumarate 300 MG Oral Tablet; efavirenz 600 MG Oral Tablet; efavirenz 600 MG Oral Tablet; Hydrochlorothiazide 25 MG Oral Tablet; lisinopril 10 MG Oral Tablet; amLODIPine 2.5 MG Oral Tablet; emtricitabine 200 MG / tenofovir disoproxil fumarate 300 MG Oral Tablet; efavirenz 600 MG Oral Tablet; Hydrochlorothiazide 25 MG Oral Tablet; lisinopril 10 MG Oral Tablet; amLODIPine 2.5 MG Oral Tablet; emtricitabine 200 MG / tenofovir disoproxil fumarate 300 MG Oral Tablet; efavirenz 600 MG Oral Tablet; Hydrochlorothiazide 25 MG Oral Tablet; lisinopril 10 MG Oral Tablet; amLODIPine 2.5 MG Oral Tablet; emtricitabine 200 MG / tenofovir disoproxil fumarate 300 MG Oral Tablet; efavirenz 600 MG / emtricitabine 200 MG / tenofovir disoproxil fumarate 300 MG Oral Tablet; efavirenz 600 MG / emtricitabine 200 MG / tenofovir disoproxil fumarate 300 MG Oral Tablet; Hydrochlorothiazide 25 MG Oral Tablet; lisinopril 10 MG Oral Tablet; amLODIPine 2.5 MG Oral Tablet
238593f6-5e2c-9a68-9e0d-db5f544fcc96,Guadalupe206 Rau926,male,1928-03-02,History of appendectomy (situation); Educated to high school level (finding); Prediabetes (finding); Anemia (disorder); Has a criminal record (finding); Body mass index 30+ - obesity (finding); Osteoarthritis of knee (disorder); Atrial fibrillation (disorder); Ischemic heart disease (disorder); Abnormal findings diagnostic imaging heart+coronary circulat (finding); History of coronary artery bypass grafting (situation); Chronic pain (finding); Chronic low back pain (finding); Chronic neck pain (finding); Reports of violence in the environment (finding); Not in labor force (finding); Stress (finding); Medication review due (situation); Full-time employment (finding); Social isolation (finding); Viral sinusitis (disorder); Acute viral pharyngitis (disorder); Acute bronchitis (disorder); Medication review due (situation); Stress (finding); Acute viral pharyngitis (disorder); Medication review due (situation); Gingivitis (disorder); Medication review due (situation); Stress (finding); Victim of intimate partner abuse (finding); Viral sinusitis (disorder); Medication review due (situation); Part-time employment (finding); Stress (finding); Alzheimer's disease (disorder); Acute viral pharyngitis (disorder); Medication review due (situation); Full-time employment (finding); Gingivitis (disorder); Stress (finding),Vitamin B12 5 MG/ML Injectable Solution; Naproxen sodium 220 MG Oral Tablet; Clopidogrel 75 MG Oral Tablet; Simvastatin 20 MG Oral Tablet; 24 HR metoprolol succinate 100 MG Extended Release Oral Tablet; Nitroglycerin 0.4 MG/ACTUAT Mucosal Spray; verapamil hydrochloride 80 MG Oral Tablet; Digoxin 0.125 MG Oral Tablet; Ibuprofen 400 MG Oral Tablet [Ibu]; Warfarin Sodium 5 MG Oral Tablet; verapamil hydrochloride 80 MG Oral Tablet; Digoxin 0.125 MG Oral Tablet; Ibuprofen 400 MG Oral Tablet [Ibu]; Warfarin Sodium 5 MG Oral Tablet; verapamil hydrochloride 80 MG Oral Tablet; Digoxin 0.125 MG Oral Tablet; Ibuprofen 400 MG Oral Tablet [Ibu]; Warfarin Sodium 5 MG Oral Tablet; Acetaminophen 325 MG Oral Tablet; verapamil hydrochloride 80 MG Oral Tablet; Digoxin 0.125 MG Oral Tablet; Ibuprofen 400 MG Oral Tablet [Ibu]; Warfarin Sodium 5 MG Oral Tablet; verapamil hydrochloride 80 MG Oral Tablet; Digoxin 0.125 MG Oral Tablet; Ibuprofen 400 MG Oral Tablet [Ibu]; Warfarin Sodium 5 MG Oral Tablet; verapamil hydrochloride 80 MG Oral Tablet; Digoxin 0.125 MG Oral Tablet; Ibuprofen 400 MG Oral Tablet [Ibu]; Warfarin Sodium 5 MG Oral Tablet; verapamil hydrochloride 80 MG Oral Tablet; Digoxin 0.125 MG Oral Tablet; Ibuprofen 400 MG Oral Tablet [Ibu]; Warfarin Sodium 5 MG Oral Tablet; verapamil hydrochloride 80 MG Oral Tablet; Digoxin 0.125 MG Oral Tablet; Ibuprofen 400 MG Oral Tablet [Ibu]; Warfarin Sodium 5 MG Oral Tablet; verapamil hydrochloride 80 MG Oral Tablet; Digoxin 0.125 MG Oral Tablet; Ibuprofen 400 MG Oral Tablet [Ibu]; Warfarin Sodium 5 MG Oral Tablet; verapamil hydrochloride 80 MG Oral Tablet; Digoxin 0.125 MG Oral Tablet; Ibuprofen 400 MG Oral Tablet [Ibu]; Warfarin Sodium 5 MG Oral Tablet; verapamil hydrochloride 80 MG Oral Tablet; Digoxin 0.125 MG Oral Tablet; Ibuprofen 400 MG Oral Tablet [Ibu]; Warfarin Sodium 5 MG Oral Tablet; verapamil hydrochloride 80 MG Oral Tablet; Digoxin 0.125 MG Oral Tablet; Ibuprofen 400 MG Oral Tablet [Ibu]; Warfarin Sodium 5 MG Oral Tablet; verapamil hydrochloride 80 MG Oral Tablet; Digoxin 0.125 MG Oral Tablet; Ibuprofen 400 MG Oral Tablet [Ibu]; Warfarin Sodium 5 MG Oral Tablet; verapamil hydrochloride 80 MG Oral Tablet; Digoxin 0.125 MG Oral Tablet; Ibuprofen 400 MG Oral Tablet [Ibu]; Warfarin Sodium 5 MG Oral Tablet; Galantamine 4 MG Oral Tablet; verapamil hydrochloride 80 MG Oral Tablet; Digoxin 0.125 MG Oral Tablet; Ibuprofen 400 MG Oral Tablet [Ibu]; Warfarin Sodium 5 MG Oral Tablet; verapamil hydrochloride 80 MG Oral Tablet; Digoxin 0.125 MG Oral Tablet; Ibuprofen 400 MG Oral Tablet [Ibu]; Warfarin Sodium 5 MG Oral Tablet; verapamil hydrochloride 80 MG Oral Tablet; Digoxin 0.125 MG Oral Tablet; Ibuprofen 400 MG Oral Tablet [Ibu]; Warfarin Sodium 5 MG Oral Tablet
3e0a4910-3c17-ca7d-c28e-51eb9cc13343,Woodrow571 Gaylord332,male,1961-07-25,Received higher education (finding); Body mass index 30+ - obesity (finding); Chronic pain (finding); Chronic low back pain (finding); Full-time employment (finding); Stress (finding); Medication review due (situation); Injury of neck (disorder); Whiplash injury to neck (disorder); Acute bronchitis (disorder); Medication review due (situation); Misuses drugs (finding); Medication review due (situation); Stress (finding); Familial Alzheimer's disease of early onset (disorder); Medication review due (situation); Unemployed (finding); Severe anxiety (panic) (finding); Unhealthy alcohol drinking behavior (finding); Medication review due (situation); Full-time employment (finding); Viral sinusitis (disorder); Medication review due (situation); Gingivitis (disorder); Gingival disease (disorder); Part-time employment (finding); Limited social contact (finding); Medication review due (situation); Victim of intimate partner abuse (finding); Gingivitis (disorder); Medication review due (situation); Medication review due (situation); Full-time employment (finding); Social isolation (finding); Stress (finding); Viral sinusitis (disorder); Gingivitis (disorder); Limited social contact (finding); Reports of violence in the environment (finding); Gingival disease (disorder); Social isolation (finding); Medication review due (situation),Ibuprofen 400 MG Oral Tablet [Ibu]; Ibuprofen 400 MG Oral Tablet [Ibu]; Ibuprofen 200 MG Oral Tablet; Acetaminophen 325 MG Oral Tablet; Ibuprofen 400 MG Oral Tablet [Ibu]; Ibuprofen 400 MG Oral Tablet [Ibu]; Ibuprofen 400 MG Oral Tablet [Ibu]; Ibuprofen 400 MG Oral Tablet [Ibu]; Galantamine 4 MG Oral Tablet; Ibuprofen 400 MG Oral Tablet [Ibu]; Ibuprofen 400 MG Oral Tablet [Ibu]; Ibuprofen 400 MG Oral Tablet [Ibu]; 24 HR Donepezil hydrochloride 10 MG / Memantine hydrochloride 28 MG Extended Release Oral Capsule; Ibuprofen 400 MG Oral Tablet [Ibu]; Ibuprofen 400 MG Oral Tablet [Ibu]; Ibuprofen 400 MG Oral Tablet [Ibu]; Ibuprofen 400 MG Oral Tablet [Ibu]; Amoxicillin 250 MG / Clavulanate 125 MG Oral Tablet; Ibuprofen 400 MG Oral Tablet [Ibu]; Ibuprofen 400 MG Oral Tablet [Ibu]; Ibuprofen 400 MG Oral Tablet [Ibu]; Ibuprofen 400 MG Oral Tablet [Ibu]; Ibuprofen 400 MG Oral Tablet [Ibu]
f032f90d-a7f4-8f35-6e64-cac6ffd4d866,Hershel911 Reilly981,male,1928-03-02,"Chronic sinusitis (disorder); Risk activity involvement (finding); Serving in military service (finding); Educated to high school level (finding); Prediabetes (finding); Anemia (disorder); Body mass index 30+ - obesity (finding); Essential hypertension (disorder); Metabolic syndrome X (disorder); Chronic kidney disease stage 1 (disorder); Disorder of kidney due to diabetes mellitus (disorder); Has a criminal record (finding); Chronic kidney disease stage 2 (disorder); Microalbuminuria due to type 2 diabetes mellitus (disorder); Ischemic heart disease (disorder); Abnormal findings diagnostic imaging heart+coronary circulat (finding); Sleep disorder (disorder); Sleep apnea (disorder); Chronic kidney disease stage 3 (disorder); Proteinuria due to type 2 diabetes mellitus (disorder); Victim of intimate partner abuse (finding); Awaiting transplantation of kidney (situation); Chronic kidney disease stage 4 (disorder); Loss of teeth (disorder); Stress (finding); Medication review due (situation); Full-time employment (finding); Limited social contact (finding); Injury of neck (disorder); Whiplash injury to neck (disorder); Stress (finding); History of renal transplant (situation); Medication review due (situation); Medication review due (situation); Suspected prostate cancer (situation); Neoplasm of prostate (disorder); Carcinoma in situ of prostate (disorder); Gingivitis (disorder); Medication review due (situation); Chronic kidney disease stage 1 (disorder); Stress (finding); Medication review due (situation); Reports of violence in the environment (finding); Medication review due (situation); Stress (finding); Medication review due (situation); Limited social contact (finding); Medication review due (situation); Viral sinusitis (disorder); Acute viral pharyngitis (disorder); Medication review due (situation); Part-time employment (finding); Medication review due (situation); Medication review due (situation); Full-time employment (finding); Stress (finding); Social isolation (finding); Gingivitis (disorder); Medication review due (situation); Stress (finding); Reports of violence in the environment (finding); Gingival disease (disorder); Primary dental caries (disorder); Suspected lung cancer (situation); Medication review due (situation); Victim of intimate partner abuse (finding); Medication review due (situation); Non-small cell lung cancer (disorder); Non-small cell carcinoma of lung, TNM stage 1 (disorder); Medication review due (situation); Stress (finding); Gingivitis (disorder); Gingival disease (disorder); Fractured dental filling (finding); Victim of intimate partner abuse (finding); Reports of violence in the environment (finding); Stress (finding); Medication review due (situation); Medication review due (situation); Victim of intimate partner abuse (finding); Medication review due (situation); Medication review due (situation); Part-time employment (finding); Stress (finding); Full-time employment (finding); Died in hospice (finding)","24 HR metoprolol succinate 100 MG Extended Release Oral Tablet; Nitroglycerin 0.4 MG/ACTUAT Mucosal Spray; insulin isophane, human 70 UNT/ML / insulin, regular, human 30 UNT/ML Injectable Suspension [Humulin]; Hydrochlorothiazide 25 MG Oral Tablet; lisinopril 10 MG Oral Tablet; amLODIPine 2.5 MG Oral Tablet; insulin isophane, human 70 UNT/ML / insulin, regular, human 30 UNT/ML Injectable Suspension [Humulin]; Hydrochlorothiazide 25 MG Oral Tablet; lisinopril 10 MG Oral Tablet; amLODIPine 2.5 MG Oral Tablet; Naproxen sodium 220 MG Oral Tablet; insulin isophane, human 70 UNT/ML / insulin, regular, human 30 UNT/ML Injectable Suspension [Humulin]; Hydrochlorothiazide 25 MG Oral Tablet; lisinopril 10 MG Oral Tablet; amLODIPine 2.5 MG Oral Tablet; 24 HR tacrolimus 1 MG Extended Release Oral Tablet; insulin isophane, human 70 UNT/ML / insulin, regular, human 30 UNT/ML Injectable Suspension [Humulin]; Hydrochlorothiazide 25 MG Oral Tablet; 24 HR tacrolimus 1 MG Extended Release Oral Tablet; lisinopril 10 MG Oral Tablet; amLODIPine 2.5 MG Oral Tablet; insulin isophane, human 70 UNT/ML / insulin, regular, human 30 UNT/ML Injectable Suspension [Humulin]; Hydrochlorothiazide 25 MG Oral Tablet; 24 HR tacrolimus 1 MG Extended Release Oral Tablet; lisinopril 10 MG Oral Tablet; amLODIPine 2.5 MG Oral Tablet; insulin isophane, human 70 UNT/ML / insulin, regular, human 30 UNT/ML Injectable Suspension [Humulin]; Hydrochlorothiazide 25 MG Oral Tablet; 24 HR tacrolimus 1 MG Extended Release Oral Tablet; lisinopril 10 MG Oral Tablet; amLODIPine 2.5 MG Oral Tablet; insulin isophane, human 70 UNT/ML / insulin, regular, human 30 UNT/ML Injectable Suspension [Humulin]; Hydrochlorothiazide 25 MG Oral Tablet; 24 HR tacrolimus 1 MG Extended Release Oral Tablet; lisinopril 10 MG Oral Tablet; amLODIPine 2.5 MG Oral Tablet; insulin isophane, human 70 UNT/ML / insulin, regular, human 30 UNT/ML Injectable Suspension [Humulin]; Hydrochlorothiazide 25 MG Oral Tablet; 24 HR tacrolimus 1 MG Extended Release Oral Tablet; lisinopril 10 MG Oral Tablet; amLODIPine 2.5 MG Oral Tablet; insulin isophane, human 70 UNT/ML / insulin, regular, human 30 UNT/ML Injectable Suspension [Humulin]; Hydrochlorothiazide 25 MG Oral Tablet; 24 HR tacrolimus 1 MG Extended Release Oral Tablet; lisinopril 10 MG Oral Tablet; amLODIPine 2.5 MG Oral Tablet; insulin isophane, human 70 UNT/ML / insulin, regular, human 30 UNT/ML Injectable Suspension [Humulin]; Hydrochlorothiazide 25 MG Oral Tablet; 24 HR tacrolimus 1 MG Extended Release Oral Tablet; lisinopril 10 MG Oral Tablet; amLODIPine 2.5 MG Oral Tablet; insulin isophane, human 70 UNT/ML / insulin, regular, human 30 UNT/ML Injectable Suspension [Humulin]; Hydrochlorothiazide 25 MG Oral Tablet; 24 HR tacrolimus 1 MG Extended Release Oral Tablet; lisinopril 10 MG Oral Tablet; amLODIPine 2.5 MG Oral Tablet; insulin isophane, human 70 UNT/ML / insulin, regular, human 30 UNT/ML Injectable Suspension [Humulin]; Hydrochlorothiazide 25 MG Oral Tablet; 24 HR tacrolimus 1 MG Extended Release Oral Tablet; lisinopril 10 MG Oral Tablet; amLODIPine 2.5 MG Oral Tablet; insulin isophane, human 70 UNT/ML / insulin, regular, human 30 UNT/ML Injectable Suspension [Humulin]; Hydrochlorothiazide 25 MG Oral Tablet; 24 HR tacrolimus 1 MG Extended Release Oral Tablet; lisinopril 10 MG Oral Tablet; amLODIPine 2.5 MG Oral Tablet; insulin isophane, human 70 UNT/ML / insulin, regular, human 30 UNT/ML Injectable Suspension [Humulin]; Hydrochlorothiazide 25 MG Oral Tablet; 24 HR tacrolimus 1 MG Extended Release Oral Tablet; lisinopril 10 MG Oral Tablet; amLODIPine 2.5 MG Oral Tablet; insulin isophane, human 70 UNT/ML / insulin, regular, human 30 UNT/ML Injectable Suspension [Humulin]; Hydrochlorothiazide 25 MG Oral Tablet; 24 HR tacrolimus 1 MG Extended Release Oral Tablet; lisinopril 10 MG Oral Tablet; amLODIPine 2.5 MG Oral Tablet; insulin isophane, human 70 UNT/ML / insulin, regular, human 30 UNT/ML Injectable Suspension [Humulin]; Hydrochlorothiazide 25 MG Oral Tablet; 24 HR tacrolimus 1 MG Extended Release Oral Tablet; lisinopril 10 MG Oral Tablet; amLODIPine 2.5 MG Oral Tablet; insulin isophane, human 70 UNT/ML / insulin, regular, human 30 UNT/ML Injectable Suspension [Humulin]; Hydrochlorothiazide 25 MG Oral Tablet; 24 HR tacrolimus 1 MG Extended Release Oral Tablet; lisinopril 10 MG Oral Tablet; amLODIPine 2.5 MG Oral Tablet; insulin isophane, human 70 UNT/ML / insulin, regular, human 30 UNT/ML Injectable Suspension [Humulin]; Hydrochlorothiazide 25 MG Oral Tablet; 24 HR tacrolimus 1 MG Extended Release Oral Tablet; lisinopril 10 MG Oral Tablet; amLODIPine 2.5 MG Oral Tablet; insulin isophane, human 70 UNT/ML / insulin, regular, human 30 UNT/ML Injectable Suspension [Humulin]; Hydrochlorothiazide 25 MG Oral Tablet; 24 HR tacrolimus 1 MG Extended Release Oral Tablet; lisinopril 10 MG Oral Tablet; amLODIPine 2.5 MG Oral Tablet; insulin isophane, human 70 UNT/ML / insulin, regular, human 30 UNT/ML Injectable Suspension [Humulin]; Hydrochlorothiazide 25 MG Oral Tablet; 24 HR tacrolimus 1 MG Extended Release Oral Tablet; lisinopril 10 MG Oral Tablet; amLODIPine 2.5 MG Oral Tablet; insulin isophane, human 70 UNT/ML / insulin, regular, human 30 UNT/ML Injectable Suspension [Humulin]; Hydrochlorothiazide 25 MG Oral Tablet; 24 HR tacrolimus 1 MG Extended Release Oral Tablet; lisinopril 10 MG Oral Tablet; amLODIPine 2.5 MG Oral Tablet; insulin isophane, human 70 UNT/ML / insulin, regular, human 30 UNT/ML Injectable Suspension [Humulin]; Hydrochlorothiazide 25 MG Oral Tablet; 24 HR tacrolimus 1 MG Extended Release Oral Tablet; lisinopril 10 MG Oral Tablet; amLODIPine 2.5 MG Oral Tablet; insulin isophane, human 70 UNT/ML / insulin, regular, human 30 UNT/ML Injectable Suspension [Humulin]; Hydrochlorothiazide 25 MG Oral Tablet; 24 HR tacrolimus 1 MG Extended Release Oral Tablet; lisinopril 10 MG Oral Tablet; amLODIPine 2.5 MG Oral Tablet; insulin isophane, human 70 UNT/ML / insulin, regular, human 30 UNT/ML Injectable Suspension [Humulin]; Hydrochlorothiazide 25 MG Oral Tablet; 24 HR tacrolimus 1 MG Extended Release Oral Tablet; lisinopril 10 MG Oral Tablet; amLODIPine 2.5 MG Oral Tablet; insulin isophane, human 70 UNT/ML / insulin, regular, human 30 UNT/ML Injectable Suspension [Humulin]; Hydrochlorothiazide 25 MG Oral Tablet; 24 HR tacrolimus 1 MG Extended Release Oral Tablet; lisinopril 10 MG Oral Tablet; amLODIPine 2.5 MG Oral Tablet; insulin isophane, human 70 UNT/ML / insulin, regular, human 30 UNT/ML Injectable Suspension [Humulin]; Hydrochlorothiazide 25 MG Oral Tablet; 24 HR tacrolimus 1 MG Extended Release Oral Tablet; lisinopril 10 MG Oral Tablet; amLODIPine 2.5 MG Oral Tablet; insulin isophane, human 70 UNT/ML / insulin, regular, human 30 UNT/ML Injectable Suspension [Humulin]; Hydrochlorothiazide 25 MG Oral Tablet; 24 HR tacrolimus 1 MG Extended Release Oral Tablet; lisinopril 10 MG Oral Tablet; amLODIPine 2.5 MG Oral Tablet; insulin isophane, human 70 UNT/ML / insulin, regular, human 30 UNT/ML Injectable Suspension [Humulin]; Hydrochlorothiazide 25 MG Oral Tablet; 24 HR tacrolimus 1 MG Extended Release Oral Tablet; lisinopril 10 MG Oral Tablet; amLODIPine 2.5 MG Oral Tablet; insulin isophane, human 70 UNT/ML / insulin, regular, human 30 UNT/ML Injectable Suspension [Humulin]; Hydrochlorothiazide 25 MG Oral Tablet; 24 HR tacrolimus 1 MG Extended Release Oral Tablet; lisinopril 10 MG Oral Tablet; amLODIPine 2.5 MG Oral Tablet; insulin isophane, human 70 UNT/ML / insulin, regular, human 30 UNT/ML Injectable Suspension [Humulin]; Hydrochlorothiazide 25 MG Oral Tablet; 24 HR tacrolimus 1 MG Extended Release Oral Tablet; lisinopril 10 MG Oral Tablet; amLODIPine 2.5 MG Oral Tablet; insulin isophane, human 70 UNT/ML / insulin, regular, human 30 UNT/ML Injectable Suspension [Humulin]; Hydrochlorothiazide 25 MG Oral Tablet; 24 HR tacrolimus 1 MG Extended Release Oral Tablet; lisinopril 10 MG Oral Tablet; amLODIPine 2.5 MG Oral Tablet; insulin isophane, human 70 UNT/ML / insulin, regular, human 30 UNT/ML Injectable Suspension [Humulin]; Hydrochlorothiazide 25 MG Oral Tablet; 24 HR tacrolimus 1 MG Extended Release Oral Tablet; lisinopril 10 MG Oral Tablet; amLODIPine 2.5 MG Oral Tablet; insulin isophane, human 70 UNT/ML / insulin, regular, human 30 UNT/ML Injectable Suspension [Humulin]; Hydrochlorothiazide 25 MG Oral Tablet; 24 HR tacrolimus 1 MG Extended Release Oral Tablet; lisinopril 10 MG Oral Tablet; amLODIPine 2.5 MG Oral Tablet"
a1e44387-aeac-3820-f796-48c376b933c3,Edgardo196 Bradtke547,male,1964-11-07,"Chronic sinusitis (disorder); Only received primary school education (finding); Medication review due (situation); Stress (finding); Homeless (finding); Part-time employment (finding); Full-time employment (finding); Gingivitis (disorder); Medication review due (situation); Social isolation (finding); Medication review due (situation); Prediabetes (finding); Anemia (disorder); Not in labor force (finding); Localized, primary osteoarthritis of the hand (disorder); Body mass index 30+ - obesity (finding); Full-time employment (finding); Sleep disorder (disorder); Sleep apnea (disorder); Metabolic syndrome X (disorder); Gingivitis (disorder); Gingival disease (disorder); Essential hypertension (disorder); Medication review due (situation); Part-time employment (finding); Social isolation (finding); Medication review due (situation); Hyperlipidemia (disorder); Full-time employment (finding); Stress (finding); Victim of intimate partner abuse (finding); Gingivitis (disorder); Laceration - injury (disorder); Laceration of thigh (disorder)",Naproxen sodium 220 MG Oral Tablet; lisinopril 10 MG Oral Tablet; lisinopril 10 MG Oral Tablet; amLODIPine 2.5 MG Oral Tablet; lisinopril 10 MG Oral Tablet; amLODIPine 2.5 MG Oral Tablet; lisinopril 10 MG Oral Tablet; amLODIPine 2.5 MG Oral Tablet; Simvastatin 10 MG Oral Tablet; lisinopril 10 MG Oral Tablet; amLODIPine 2.5 MG Oral Tablet; Simvastatin 10 MG Oral Tablet; lisinopril 10 MG Oral Tablet; amLODIPine 2.5 MG Oral Tablet; Simvastatin 10 MG Oral Tablet
f3f5a80a-a49b-71e9-022a-c0b6bf052ac2,Reva678 Heidenreich818,female,1946-05-01,Received higher education (finding); Lack of access to transportation (finding); Body mass index 30+ - obesity (finding); Past pregnancy history of miscarriage (situation); Victim of intimate partner abuse (finding); Recurrent urinary tract infection (disorder); Transport problem (finding); History of tubal ligation (situation); Prediabetes (finding); Anemia (disorder); Essential hypertension (disorder); Medication review due (situation); Metabolic syndrome X (disorder); Unemployed (finding); Full-time employment (finding); Gingivitis (disorder); Not in labor force (finding); Stress (finding); Full-time employment (finding); Social isolation (finding); Gingival disease (disorder); Fractured dental filling (finding); Medication review due (situation); Limited social contact (finding); Acute bronchitis (disorder); Medication review due (situation); Unemployed (finding); Medication review due (situation); Part-time employment (finding); Stress (finding); Gingival disease (disorder); Myocardial infarction (disorder); Acute ST segment elevation myocardial infarction (disorder); History of myocardial infarction (situation); Medication review due (situation); Full-time employment (finding); Viral sinusitis (disorder); Limited social contact (finding); Stress (finding); Viral sinusitis (disorder); Medication review due (situation); Part-time employment (finding); Medication review due (situation),Hydrochlorothiazide 25 MG Oral Tablet; lisinopril 10 MG Oral Tablet; amLODIPine 2.5 MG Oral Tablet; Hydrochlorothiazide 25 MG Oral Tablet; lisinopril 10 MG Oral Tablet; amLODIPine 2.5 MG Oral Tablet; Hydrochlorothiazide 25 MG Oral Tablet; lisinopril 10 MG Oral Tablet; amLODIPine 2.5 MG Oral Tablet; Hydrochlorothiazide 25 MG Oral Tablet; lisinopril 10 MG Oral Tablet; amLODIPine 2.5 MG Oral Tablet; Hydrochlorothiazide 25 MG Oral Tablet; lisinopril 10 MG Oral Tablet; amLODIPine 2.5 MG Oral Tablet; Acetaminophen 325 MG Oral Tablet; Hydrochlorothiazide 25 MG Oral Tablet; lisinopril 10 MG Oral Tablet; amLODIPine 2.5 MG Oral Tablet; Hydrochlorothiazide 25 MG Oral Tablet; lisinopril 10 MG Oral Tablet; amLODIPine 2.5 MG Oral Tablet; aspirin 81 MG Oral Tablet; metoprolol tartrate 25 MG Oral Tablet; ezetimibe 10 MG / simvastatin 20 MG Oral Tablet; valsartan 80 MG Oral Tablet; prasugrel 10 MG Oral Tablet; Hydrochlorothiazide 25 MG Oral Tablet; lisinopril 10 MG Oral Tablet; amLODIPine 2.5 MG Oral Tablet; Amoxicillin 250 MG / Clavulanate 125 MG Oral Tablet; Hydrochlorothiazide 25 MG Oral Tablet; lisinopril 10 MG Oral Tablet; amLODIPine 2.5 MG Oral Tablet; Hydrochlorothiazide 25 MG Oral Tablet; lisinopril 10 MG Oral Tablet; amLODIPine 2.5 MG Oral Tablet; Hydrochlorothiazide 25 MG Oral Tablet; lisinopril 10 MG Oral Tablet; amLODIPine 2.5 MG Oral Tablet
4d459f76-d189-676c-e2e6-d3241e606559,Ngoc221 Nienow652,female,1980-08-23,Risk activity involvement (finding); Received higher education (finding); Past pregnancy history of miscarriage (situation); Full-time employment (finding); Body mass index 30+ - obesity (finding); Has a criminal record (finding); Sterilization requested (situation); History of tubal ligation (situation); Essential hypertension (disorder); Medication review due (situation); Stress (finding); Gingivitis (disorder); Gingival disease (disorder); Primary dental caries (disorder); Medication review due (situation); Not in labor force (finding); Stress (finding); Full-time employment (finding); Social isolation (finding); Gingivitis (disorder); Leaking dental filling (finding); Stress (finding); Unhealthy alcohol drinking behavior (finding); Gingivitis (disorder); Primary dental caries (disorder); Medication review due (situation); Gingivitis (disorder); Osteoarthritis of hip (disorder); Viral sinusitis (disorder); Dental filling lost (finding); Part-time employment (finding); Gingivitis (disorder); Primary dental caries (disorder),diphenhydrAMINE Hydrochloride 25 MG Oral Tablet; Hydrocortisone 10 MG/ML Topical Cream; amLODIPine 2.5 MG Oral Tablet; Hydrochlorothiazide 25 MG Oral Tablet; Hydrochlorothiazide 25 MG Oral Tablet; amLODIPine 2.5 MG Oral Tablet; lisinopril 10 MG Oral Tablet; Hydrochlorothiazide 25 MG Oral Tablet; lisinopril 10 MG Oral Tablet; amLODIPine 2.5 MG Oral Tablet; Hydrochlorothiazide 25 MG Oral Tablet; lisinopril 10 MG Oral Tablet; amLODIPine 2.5 MG Oral Tablet; Hydrochlorothiazide 25 MG Oral Tablet; lisinopril 10 MG Oral Tablet; amLODIPine 2.5 MG Oral Tablet; Hydrochlorothiazide 25 MG Oral Tablet; lisinopril 10 MG Oral Tablet; amLODIPine 2.5 MG Oral Tablet; Hydrochlorothiazide 25 MG Oral Tablet; lisinopril 10 MG Oral Tablet; amLODIPine 2.5 MG Oral Tablet; Hydrochlorothiazide 25 MG Oral Tablet; lisinopril 10 MG Oral Tablet; amLODIPine 2.5 MG Oral Tablet; Naproxen sodium 220 MG Oral Tablet; Hydrochlorothiazide 25 MG Oral Tablet; lisinopril 10 MG Oral Tablet; amLODIPine 2.5 MG Oral Tablet; Hydrochlorothiazide 25 MG Oral Tablet; lisinopril 10 MG Oral Tablet; amLODIPine 2.5 MG Oral Tablet
9b64dc28-d0a9-e1c5-d296-ce88e02dc811,Jeanelle736 Ziemann98,female,1952-03-21,Received higher education (finding); Prediabetes (finding); Anemia (disorder); Essential hypertension (disorder); Past pregnancy history of miscarriage (situation); Ischemic heart disease (disorder); Abnormal findings diagnostic imaging heart+coronary circulat (finding); History of coronary artery bypass grafting (situation); Polyp of colon (disorder); Osteoporosis (disorder); Full-time employment (finding); Medication review due (situation); Limited social contact (finding); Stress (finding); Acute viral pharyngitis (disorder); Sprain (morphologic abnormality); Sprain of ankle (disorder); Stress (finding); Gingivitis (disorder); Gingival disease (disorder); Streptococcal sore throat (disorder); Medication review due (situation); Victim of intimate partner abuse (finding); Medication review due (situation); Viral sinusitis (disorder); Stress (finding); Social isolation (finding); Medication review due (situation); Stress (finding); Primary dental caries (disorder); Laceration - injury (disorder); Laceration of thigh (disorder); Unemployed (finding); Limited social contact (finding),Clopidogrel 75 MG Oral Tablet; Simvastatin 20 MG Oral Tablet; 24 HR metoprolol succinate 100 MG Extended Release Oral Tablet; Nitroglycerin 0.4 MG/ACTUAT Mucosal Spray; Hydrochlorothiazide 25 MG Oral Tablet; Alendronic acid 10 MG Oral Tablet; Hydrochlorothiazide 25 MG Oral Tablet; Alendronic acid 10 MG Oral Tablet; Acetaminophen 325 MG Oral Tablet; Hydrochlorothiazide 25 MG Oral Tablet; Alendronic acid 10 MG Oral Tablet; Hydrochlorothiazide 25 MG Oral Tablet; Alendronic acid 10 MG Oral Tablet; Penicillin V Potassium 500 MG Oral Tablet; Hydrochlorothiazide 25 MG Oral Tablet; Alendronic acid 10 MG Oral Tablet; Hydrochlorothiazide 25 MG Oral Tablet; Alendronic acid 10 MG Oral Tablet; Hydrochlorothiazide 25 MG Oral Tablet; Alendronic acid 10 MG Oral Tablet; Hydrochlorothiazide 25 MG Oral Tablet; Alendronic acid 10 MG Oral Tablet; Hydrochlorothiazide 25 MG Oral Tablet; Alendronic acid 10 MG Oral Tablet; Hydrochlorothiazide 25 MG Oral Tablet; Alendronic acid 10 MG Oral Tablet; Naproxen sodium 220 MG Oral Tablet; Hydrochlorothiazide 25 MG Oral Tablet; Alendronic acid 10 MG Oral Tablet
c5f1025e-36c9-41b5-39e7-5484599988b7,Rey54 O'Conner199,male,1928-03-02,"Serving in military service (finding); Educated to high school level (finding); Essential hypertension (disorder); Prediabetes (finding); Body mass index 30+ - obesity (finding); Anemia (disorder); Has a criminal record (finding); Localized, primary osteoarthritis of the hand (disorder); Full-time employment (finding); Metabolic syndrome X (disorder); Stress (finding); Medication review due (situation); Part-time employment (finding); Social isolation (finding); Medication review due (situation); Full-time employment (finding); Part-time employment (finding); Stress (finding); Viral sinusitis (disorder); Myocardial infarction (disorder); Acute non-ST segment elevation myocardial infarction (disorder); History of myocardial infarction (situation); Chronic kidney disease stage 1 (disorder); Disorder of kidney due to diabetes mellitus (disorder); Unemployed (finding); Gingivitis (disorder); Medication review due (situation); Part-time employment (finding); Stress (finding); Acute infective cystitis (disorder); Chronic kidney disease stage 2 (disorder); Microalbuminuria due to type 2 diabetes mellitus (disorder); Gingivitis (disorder); Medication review due (situation); Chronic kidney disease stage 3 (disorder); Proteinuria due to type 2 diabetes mellitus (disorder); Unemployed (finding); Gingivitis (disorder); Gingival disease (disorder); Medication review due (situation); Part-time employment (finding); Medication review due (situation); Not in labor force (finding); Stress (finding); Medication review due (situation); Part-time employment (finding); Gingivitis (disorder); Full-time employment (finding); Medication review due (situation); Stress (finding); Part-time employment (finding); Medication review due (situation); Not in labor force (finding); Suspected prostate cancer (situation); Full-time employment (finding); Medication review due (situation); Gingival disease (disorder); Laceration - injury (disorder); Laceration of forearm (disorder); Medication review due (situation); Social isolation (finding); Stress (finding); Part-time employment (finding); Gingivitis (disorder); Medication review due (situation); Suspected prostate cancer (situation); Neoplasm of prostate (disorder); Carcinoma in situ of prostate (disorder); Full-time employment (finding); Gingivitis (disorder); Chronic kidney disease stage 4 (disorder); Awaiting transplantation of kidney (situation); Fracture of bone (disorder); Fracture of rib (disorder); Gingivitis (disorder); Medication review due (situation); Stress (finding)","Naproxen sodium 220 MG Oral Tablet; Hydrochlorothiazide 25 MG Oral Tablet; lisinopril 10 MG Oral Tablet; Hydrochlorothiazide 25 MG Oral Tablet; lisinopril 10 MG Oral Tablet; Hydrochlorothiazide 25 MG Oral Tablet; lisinopril 10 MG Oral Tablet; Hydrochlorothiazide 25 MG Oral Tablet; lisinopril 10 MG Oral Tablet; aspirin 81 MG Oral Tablet; metoprolol tartrate 50 MG Oral Tablet; atorvastatin 40 MG Oral Tablet; losartan potassium 50 MG Oral Tablet; prasugrel 10 MG Oral Tablet; Hydrochlorothiazide 25 MG Oral Tablet; lisinopril 10 MG Oral Tablet; insulin isophane, human 70 UNT/ML / insulin, regular, human 30 UNT/ML Injectable Suspension [Humulin]; insulin isophane, human 70 UNT/ML / insulin, regular, human 30 UNT/ML Injectable Suspension [Humulin]; Hydrochlorothiazide 25 MG Oral Tablet; lisinopril 10 MG Oral Tablet; insulin isophane, human 70 UNT/ML / insulin, regular, human 30 UNT/ML Injectable Suspension [Humulin]; Hydrochlorothiazide 25 MG Oral Tablet; lisinopril 10 MG Oral Tablet; ciprofloxacin 500 MG Oral Tablet; insulin isophane, human 70 UNT/ML / insulin, regular, human 30 UNT/ML Injectable Suspension [Humulin]; Hydrochlorothiazide 25 MG Oral Tablet; lisinopril 10 MG Oral Tablet; insulin isophane, human 70 UNT/ML / insulin, regular, human 30 UNT/ML Injectable Suspension [Humulin]; Hydrochlorothiazide 25 MG Oral Tablet; lisinopril 10 MG Oral Tablet; insulin isophane, human 70 UNT/ML / insulin, regular, human 30 UNT/ML Injectable Suspension [Humulin]; Hydrochlorothiazide 25 MG Oral Tablet; lisinopril 10 MG Oral Tablet; insulin isophane, human 70 UNT/ML / insulin, regular, human 30 UNT/ML Injectable Suspension [Humulin]; Hydrochlorothiazide 25 MG Oral Tablet; lisinopril 10 MG Oral Tablet; insulin isophane, human 70 UNT/ML / insulin, regular, human 30 UNT/ML Injectable Suspension [Humulin]; Hydrochlorothiazide 25 MG Oral Tablet; lisinopril 10 MG Oral Tablet; insulin isophane, human 70 UNT/ML / insulin, regular, human 30 UNT/ML Injectable Suspension [Humulin]; Hydrochlorothiazide 25 MG Oral Tablet; lisinopril 10 MG Oral Tablet; insulin isophane, human 70 UNT/ML / insulin, regular, human 30 UNT/ML Injectable Suspension [Humulin]; Hydrochlorothiazide 25 MG Oral Tablet; lisinopril 10 MG Oral Tablet; insulin isophane, human 70 UNT/ML / insulin, regular, human 30 UNT/ML Injectable Suspension [Humulin]; Hydrochlorothiazide 25 MG Oral Tablet; lisinopril 10 MG Oral Tablet; insulin isophane, human 70 UNT/ML / insulin, regular, human 30 UNT/ML Injectable Suspension [Humulin]; Hydrochlorothiazide 25 MG Oral Tablet; lisinopril 10 MG Oral Tablet; insulin isophane, human 70 UNT/ML / insulin, regular, human 30 UNT/ML Injectable Suspension [Humulin]; Hydrochlorothiazide 25 MG Oral Tablet; lisinopril 10 MG Oral Tablet; insulin isophane, human 70 UNT/ML / insulin, regular, human 30 UNT/ML Injectable Suspension [Humulin]; Hydrochlorothiazide 25 MG Oral Tablet; lisinopril 10 MG Oral Tablet; insulin isophane, human 70 UNT/ML / insulin, regular, human 30 UNT/ML Injectable Suspension [Humulin]; Hydrochlorothiazide 25 MG Oral Tablet; lisinopril 10 MG Oral Tablet; insulin isophane, human 70 UNT/ML / insulin, regular, human 30 UNT/ML Injectable Suspension [Humulin]; Hydrochlorothiazide 25 MG Oral Tablet; lisinopril 10 MG Oral Tablet; insulin isophane, human 70 UNT/ML / insulin, regular, human 30 UNT/ML Injectable Suspension [Humulin]; Hydrochlorothiazide 25 MG Oral Tablet; lisinopril 10 MG Oral Tablet; insulin isophane, human 70 UNT/ML / insulin, regular, human 30 UNT/ML Injectable Suspension [Humulin]; Hydrochlorothiazide 25 MG Oral Tablet; lisinopril 10 MG Oral Tablet; insulin isophane, human 70 UNT/ML / insulin, regular, human 30 UNT/ML Injectable Suspension [Humulin]; Hydrochlorothiazide 25 MG Oral Tablet; lisinopril 10 MG Oral Tablet; insulin isophane, human 70 UNT/ML / insulin, regular, human 30 UNT/ML Injectable Suspension [Humulin]; Hydrochlorothiazide 25 MG Oral Tablet; lisinopril 10 MG Oral Tablet; insulin isophane, human 70 UNT/ML / insulin, regular, human 30 UNT/ML Injectable Suspension [Humulin]; Hydrochlorothiazide 25 MG Oral Tablet; lisinopril 10 MG Oral Tablet; Meperidine Hydrochloride 50 MG Oral Tablet; Naproxen sodium 220 MG Oral Tablet; insulin isophane, human 70 UNT/ML / insulin, regular, human 30 UNT/ML Injectable Suspension [Humulin]; Hydrochlorothiazide 25 MG Oral Tablet; lisinopril 10 MG Oral Tablet; insulin isophane, human 70 UNT/ML / insulin, regular, human 30 UNT/ML Injectable Suspension [Humulin]; Hydrochlorothiazide 25 MG Oral Tablet; lisinopril 10 MG Oral Tablet"
2605d360-1ae0-8b0d-b43d-86a99bb91621,Mei233 Breitenberg711,female,2011-11-29,Seizure disorder (disorder); History of seizure (situation); Epilepsy (disorder); Medication review due (situation); Medication review due (situation); Acute viral pharyngitis (disorder); Medication review due (situation); Streptococcal sore throat (disorder); Fracture of bone (disorder); Fracture of clavicle (disorder); Sprain (morphologic abnormality); Sprain of wrist (disorder); Acute viral pharyngitis (disorder); Viral sinusitis (disorder); Medication review due (situation),Diazepam 5 MG Oral Tablet; Penicillin V Potassium 250 MG Oral Tablet; Ibuprofen 100 MG Oral Tablet; Ibuprofen 100 MG Oral Tablet
6e7f3a5e-254b-d9a8-3f4c-17647877a3ce,Gabrielle769 Pouros728,female,1998-02-25,Medication review due (situation); Educated to high school level (finding); Full-time employment (finding); Transport problem (finding); Stress (finding); Severe anxiety (panic) (finding); Gingivitis (disorder); Acute infective cystitis (disorder); Medication review due (situation); Lack of access to transportation (finding); Limited social contact (finding); Gingivitis (disorder); Gingival disease (disorder); Primary dental caries (disorder); Normal pregnancy (finding); Pre-eclampsia (disorder); Part-time employment (finding); Loose dental filling (finding); Acute viral pharyngitis (disorder); Medication review due (situation); Full-time employment (finding); Normal pregnancy (finding); Normal pregnancy (finding),"Natazia 28 Day Pack; nitrofurantoin, macrocrystals 25 MG / nitrofurantoin, monohydrate 75 MG Oral Capsule; Trinessa 28 Day Pack; Seasonique 91 Day Pack; Yaz 28 Day Pack; Trinessa 28 Day Pack"
13fac585-9e6b-d548-efae-b8fc4f190569,Yoshie761 Nolan344,female,2002-08-07,Medication review due (situation); Viral sinusitis (disorder); Medication review due (situation); Viral sinusitis (disorder); Medication review due (situation); Only received primary school education (finding); Full-time employment (finding); Social isolation (finding); Victim of intimate partner abuse (finding); Primary dental caries (disorder); Medication review due (situation); Prediabetes (finding); Not in labor force (finding); Stress (finding); Normal pregnancy (finding); Chronic congestive heart failure (disorder); Medication review due (situation); Full-time employment (finding); Acute infective cystitis (disorder); Medication review due (situation); Unhealthy alcohol drinking behavior (finding),Seasonique 91 Day Pack; Natazia 28 Day Pack; Yaz 28 Day Pack; Yaz 28 Day Pack; Furosemide 40 MG Oral Tablet; carvedilol 25 MG Oral Tablet; losartan potassium 50 MG Oral Tablet; carvedilol 25 MG Oral Tablet; Furosemide 40 MG Oral Tablet; losartan potassium 50 MG Oral Tablet; sulfamethoxazole 800 MG / trimethoprim 160 MG Oral Tablet; lisinopril 20 MG Oral Tablet; carvedilol 25 MG Oral Tablet; Furosemide 40 MG Oral Tablet; losartan potassium 50 MG Oral Tablet; lisinopril 20 MG Oral Tablet
c0c2c190-abf3-9ed6-f9cb-532da7d3d7e8,Alisha974 Daniel959,female,1990-02-22,Chronic intractable migraine without aura (disorder); Chronic pain (finding); Risk activity involvement (finding); Impacted molars (disorder); Only received primary school education (finding); Stress (finding); Dependent drug abuse (disorder); Chronic low back pain (finding); Medication review due (situation); Part-time employment (finding); Normal pregnancy (finding); Acute infective cystitis (disorder); Normal pregnancy (finding); Pre-eclampsia (disorder); Overdose (disorder); Body mass index 30+ - obesity (finding); Social isolation (finding); Normal pregnancy (finding); Concussion injury of brain (disorder); Concussion with no loss of consciousness (disorder); Overdose (disorder); Viral sinusitis (disorder); Full-time employment (finding); Viral sinusitis (disorder); Normal pregnancy (finding); Overdose (disorder); Overdose (disorder); Acute viral pharyngitis (disorder); Part-time employment (finding); Stress (finding); Gingivitis (disorder); Acute viral pharyngitis (disorder); Medication review due (situation); Full-time employment (finding),"Acetaminophen 300 MG / Hydrocodone Bitartrate 5 MG Oral Tablet; nitrofurantoin, macrocrystals 25 MG / nitrofurantoin, monohydrate 75 MG Oral Capsule; Errin 28 Day Pack; Jolivette 28 Day Pack; Errin 28 Day Pack"
d96dcfea-6dc3-0a46-13ff-b06c2ea0d759,Harrison106 Schinner682,male,2005-05-10,Medication review due (situation); Gingivitis (disorder); Medication review due (situation); Acute bronchitis (disorder); Medication review due (situation); Medication review due (situation); Risk activity involvement (finding); Gingivitis (disorder); Gingival disease (disorder); Gingivitis (disorder); Viral sinusitis (disorder); Chronic pain (finding); Chronic low back pain (finding); Chronic neck pain (finding); Received higher education (finding); Full-time employment (finding); Stress (finding); Medication review due (situation); Part-time employment (finding); Acute bronchitis (disorder); Full-time employment (finding); Limited social contact (finding); Medication review due (situation); Part-time employment (finding); Rupture of appendix (disorder); Appendicitis (disorder); History of appendectomy (situation),Acetaminophen 21.7 MG/ML / Dextromethorphan Hydrobromide 1 MG/ML / doxylamine succinate 0.417 MG/ML Oral Solution; Acetaminophen 325 MG Oral Tablet [Tylenol]; Acetaminophen 325 MG Oral Tablet [Tylenol]; Acetaminophen 325 MG Oral Tablet [Tylenol]; Acetaminophen 21.7 MG/ML / Dextromethorphan Hydrobromide 1 MG/ML / doxylamine succinate 0.417 MG/ML Oral Solution; Acetaminophen 325 MG Oral Tablet [Tylenol]; Acetaminophen 325 MG Oral Tablet [Tylenol]
0a2324cf-0d9b-2181-bb66-15f80132b1df,Mckinley734 Koepp521,male,1978-07-22,Received higher education (finding); Has a criminal record (finding); Body mass index 30+ - obesity (finding); Stress (finding); Medication review due (situation); Unemployed (finding); Social isolation (finding); Gingivitis (disorder); Primary dental caries (disorder); Acute bronchitis (disorder); Full-time employment (finding); Gingivitis (disorder); Streptococcal sore throat (disorder); Part-time employment (finding); Acute viral pharyngitis (disorder); Medication review due (situation); Full-time employment (finding); Limited social contact (finding); Gingivitis (disorder); Medication review due (situation); Stress (finding),Acetaminophen 325 MG Oral Tablet; Penicillin V Potassium 500 MG Oral Tablet
c79ba653-136a-f006-77a8-31b598da222c,Marry53 Hane680,female,1989-05-21,Risk activity involvement (finding); Received higher education (finding); Unemployed (finding); Transport problem (finding); Lack of access to transportation (finding); Past pregnancy history of miscarriage (situation); Stress (finding); Normal pregnancy (finding); Normal pregnancy (finding); Medication review due (situation); Limited social contact (finding); Primary dental caries (disorder); Normal pregnancy (finding); Eclampsia in pregnancy (disorder); Viral sinusitis (disorder); Medication review due (situation); Full-time employment (finding); Viral sinusitis (disorder); Normal pregnancy (finding); Acute viral pharyngitis (disorder); Part-time employment (finding),Terfenadine 60 MG Oral Tablet; NDA020800 0.3 ML Epinephrine 1 MG/ML Auto-Injector; 168 HR Ethinyl Estradiol 0.00146 MG/HR / norelgestromin 0.00625 MG/HR Transdermal System; 168 HR Ethinyl Estradiol 0.00146 MG/HR / norelgestromin 0.00625 MG/HR Transdermal System
f66ab4c1-8f2b-fe20-55b3-ab2fb59f1d95,Camilla89 Weimann465,female,2003-08-14,Medication review due (situation); Streptococcal sore throat (disorder); Infection of tooth (disorder); Streptococcal sore throat (disorder); Viral sinusitis (disorder); Medication review due (situation); Gingivitis (disorder); Medication review due (situation); Acute infective cystitis (disorder); Recurrent urinary tract infection (disorder); Acute infective cystitis (disorder); Medication review due (situation); Risk activity involvement (finding); Medication review due (situation); Received higher education (finding); Not in labor force (finding); Stress (finding); Gingivitis (disorder); Viral sinusitis (disorder); Full-time employment (finding); Primary dental caries (disorder); Injury of neck (disorder); Whiplash injury to neck (disorder); Medication review due (situation); Gingivitis (disorder); Normal pregnancy (finding); Medication review due (situation); Prediabetes (finding),"Penicillin V Potassium 250 MG Oral Tablet; Penicillin V Potassium 250 MG Oral Tablet; Amoxicillin 250 MG / Clavulanate 125 MG Oral Tablet; Jolivette 28 Day Pack; nitrofurantoin, macrocrystals 25 MG / nitrofurantoin, monohydrate 75 MG Oral Capsule; sulfamethoxazole 800 MG / trimethoprim 160 MG Oral Tablet; ciprofloxacin 250 MG Oral Tablet; nitrofurantoin, macrocrystals 25 MG / nitrofurantoin, monohydrate 75 MG Oral Capsule; Jolivette 28 Day Pack; Naproxen sodium 220 MG Oral Tablet; Trinessa 28 Day Pack; Errin 28 Day Pack"
e83c5b07-4027-43d0-5d1a-7b981e4efedf,Zachery872 Parisian75,male,1999-10-12,Perennial allergic rhinitis (disorder); Medication review due (situation); Leaking dental filling (finding); Risk activity involvement (finding); Educated to high school level (finding); Unemployed (finding); Gingivitis (disorder); Medication review due (situation); Full-time employment (finding); Stress (finding); Gingivitis (disorder); Viral sinusitis (disorder); Essential hypertension (disorder); Medication review due (situation); Gingivitis (disorder); Medication review due (situation); Not in labor force (finding); Part-time employment (finding); Gingivitis (disorder); Laceration - injury (disorder); Laceration of forearm (disorder); Full-time employment (finding); Limited social contact (finding); Stress (finding); Misuses drugs (finding),Loratadine 5 MG Chewable Tablet; NDA020800 0.3 ML Epinephrine 1 MG/ML Auto-Injector; Amoxicillin 250 MG / Clavulanate 125 MG Oral Tablet; Hydrochlorothiazide 25 MG Oral Tablet; lisinopril 10 MG Oral Tablet; Hydrochlorothiazide 25 MG Oral Tablet; lisinopril 10 MG Oral Tablet; Hydrochlorothiazide 25 MG Oral Tablet; lisinopril 10 MG Oral Tablet; Hydrochlorothiazide 25 MG Oral Tablet; lisinopril 10 MG Oral Tablet; Acetaminophen 325 MG Oral Tablet; Hydrochlorothiazide 25 MG Oral Tablet; lisinopril 10 MG Oral Tablet
f759c652-b306-c6de-05f9-2ea17f4c1d6c,Alexander630 McKenzie376,female,2003-08-14,Medication review due (situation); Medication review due (situation); Gingivitis (disorder); Gingivitis (disorder); Seizure disorder (disorder); History of seizure (situation); Gingivitis (disorder); Primary dental caries (disorder); Acute viral pharyngitis (disorder); Medication review due (situation); Gingivitis (disorder); Gingival disease (disorder); Fractured dental filling (finding); Acute infective cystitis (disorder); Medication review due (situation); Received higher education (finding); Full-time employment (finding); Lack of access to transportation (finding); Stress (finding); Primary dental caries (disorder); Not in labor force (finding); Transport problem (finding); Misuses drugs (finding); Epilepsy (disorder); Viral sinusitis (disorder),Natazia 28 Day Pack; carbamazepine 20 MG/ML Oral Suspension [Tegretol]; Seasonique 91 Day Pack; carbamazepine 20 MG/ML Oral Suspension [Tegretol]; sulfamethoxazole 800 MG / trimethoprim 160 MG Oral Tablet; Diazepam 5 MG Oral Tablet; Levora 0.15/30 28 Day Pack; carbamazepine 20 MG/ML Oral Suspension [Tegretol]; clonazePAM 0.25 MG Oral Tablet
f0e54184-f5a1-10c7-9f87-f2cbc2535169,Rachell479 Hegmann834,female,2007-06-09,Medication review due (situation); Primary dental caries (disorder); Streptococcal sore throat (disorder); Medication review due (situation); Loose dental filling (finding); Loose dental filling (finding); Injury of tendon of the rotator cuff of shoulder (disorder); Gingivitis (disorder); Medication review due (situation); Gingivitis (disorder); Received higher education (finding); Full-time employment (finding); Social isolation (finding); Stress (finding),Penicillin V Potassium 250 MG Oral Tablet; Yaz 28 Day Pack; Natazia 28 Day Pack; Levora 0.15/30 28 Day Pack
ae70a969-f205-630f-e084-6814e8fc7c64,Tracy345 Ziemann98,male,2014-01-11,Medication review due (situation); Medication review due (situation); Primary dental caries (disorder); Otitis media (disorder); Medication review due (situation); Acute viral pharyngitis (disorder); Medication review due (situation); Medication review due (situation); Traumatic injury of spinal cord and/or vertebral column (disorder); Fracture of vertebral column without spinal cord injury (disorder); Medication review due (situation); Fracture of bone (disorder); Fracture of ankle (disorder),Amoxicillin 500 MG Oral Tablet; Acetaminophen 160 MG Chewable Tablet; Ibuprofen 100 MG Oral Tablet
e34af7ac-8380-54e5-e448-b5de21d78a7f,Jae222 Kreiger457,male,1968-04-05,Received higher education (finding); Loss of teeth (disorder); Body mass index 30+ - obesity (finding); Ischemic heart disease (disorder); Abnormal findings diagnostic imaging heart+coronary circulat (finding); Full-time employment (finding); Medication review due (situation); Stress (finding); Has a criminal record (finding); Acute bronchitis (disorder); Medication review due (situation); Medication review due (situation); Streptococcal sore throat (disorder); Not in labor force (finding); Part-time employment (finding); Reports of violence in the environment (finding); Unhealthy alcohol drinking behavior (finding); Full-time employment (finding); Stress (finding); Medication review due (situation); Part-time employment (finding); Limited social contact (finding); Unemployed (finding); Gingivitis (disorder); Medication review due (situation); Not in labor force (finding),Clopidogrel 75 MG Oral Tablet; Simvastatin 20 MG Oral Tablet; 24 HR metoprolol succinate 100 MG Extended Release Oral Tablet; Nitroglycerin 0.4 MG/ACTUAT Mucosal Spray; Acetaminophen 325 MG Oral Tablet
5635d217-f6e5-e749-6fa0-24b0baf8a469,Dana512 Durgan499,male,1977-04-30,Received higher education (finding); Stress (finding); Prediabetes (finding); Anemia (disorder); Medication review due (situation); Not in labor force (finding); Traumatic injury of spinal cord and/or vertebral column (disorder); Fracture of vertebral column without spinal cord injury (disorder); Full-time employment (finding); Reports of violence in the environment (finding); Gingivitis (disorder); Acute bronchitis (disorder); Body mass index 30+ - obesity (finding); Primary dental caries (disorder); Medication review due (situation); Not in labor force (finding); Gingivitis (disorder); Fractured dental filling (finding); Medication review due (situation); Full-time employment (finding); Part-time employment (finding); Stress (finding); Not in labor force (finding); Gingivitis (disorder); Acute bronchitis (disorder); Acute viral pharyngitis (disorder); Unemployed (finding),Acetaminophen 325 MG / HYDROcodone Bitartrate 7.5 MG Oral Tablet; Acetaminophen 21.7 MG/ML / Dextromethorphan Hydrobromide 1 MG/ML / doxylamine succinate 0.417 MG/ML Oral Solution; Acetaminophen 21.7 MG/ML / Dextromethorphan Hydrobromide 1 MG/ML / doxylamine succinate 0.417 MG/ML Oral Solution
0a80a56c-a8e0-7ff4-5806-fae54c807090,Carter549 Ward668,male,2006-05-17,Perennial allergic rhinitis (disorder); Childhood asthma (disorder); Loss of teeth (disorder); Medication review due (situation); Gingivitis (disorder); Medication review due (situation); Gingivitis (disorder); Gingival disease (disorder); Acute viral pharyngitis (disorder); Risk activity involvement (finding); Gingivitis (disorder); Medication review due (situation); Medication review due (situation); Risk activity involvement (finding); Medication review due (situation); Medication review due (situation); Medication review due (situation); Medication review due (situation); Acute bronchitis (disorder); Viral sinusitis (disorder); Suspected disease caused by Severe acute respiratory coronavirus 2 (situation); Cough (finding); Sputum finding (finding); Fatigue (finding); Dyspnea (finding); Wheezing (finding); Loss of taste (finding); Disease caused by severe acute respiratory syndrome coronavirus 2 (disorder); Medication review due (situation); Injury of neck (disorder); Whiplash injury to neck (disorder); Acute bronchitis (disorder); Medication review due (situation); Gingivitis (disorder); Medication review due (situation); Medication review due (situation); Risk activity involvement (finding); Educated to high school level (finding); Full-time employment (finding); Limited social contact (finding); Stress (finding); Reports of violence in the environment (finding); Part-time employment (finding); Social isolation (finding); Stress (finding); Chronic pain (finding); Chronic low back pain (finding); Viral sinusitis (disorder); Streptococcal sore throat (disorder); Infection of tooth (disorder),cetirizine hydrochloride 5 MG Oral Tablet; NDA020800 0.3 ML Epinephrine 1 MG/ML Auto-Injector; budesonide 0.125 MG/ML Inhalation Suspension; albuterol 0.83 MG/ML Inhalation Solution; budesonide 0.125 MG/ML Inhalation Suspension; albuterol 0.83 MG/ML Inhalation Solution; budesonide 0.125 MG/ML Inhalation Suspension; albuterol 0.83 MG/ML Inhalation Solution; budesonide 0.125 MG/ML Inhalation Suspension; albuterol 0.83 MG/ML Inhalation Solution; budesonide 0.125 MG/ML Inhalation Suspension; albuterol 0.83 MG/ML Inhalation Solution; budesonide 0.125 MG/ML Inhalation Suspension; albuterol 0.83 MG/ML Inhalation Solution; budesonide 0.125 MG/ML Inhalation Suspension; albuterol 0.83 MG/ML Inhalation Solution; budesonide 0.125 MG/ML Inhalation Suspension; albuterol 0.83 MG/ML Inhalation Solution; budesonide 0.125 MG/ML Inhalation Suspension; albuterol 0.83 MG/ML Inhalation Solution; budesonide 0.125 MG/ML Inhalation Suspension; albuterol 0.83 MG/ML Inhalation Solution; budesonide 0.125 MG/ML Inhalation Suspension; albuterol 0.83 MG/ML Inhalation Solution; budesonide 0.125 MG/ML Inhalation Suspension; albuterol 0.83 MG/ML Inhalation Solution; budesonide 0.125 MG/ML Inhalation Suspension; albuterol 0.83 MG/ML Inhalation Solution; budesonide 0.125 MG/ML Inhalation Suspension; albuterol 0.83 MG/ML Inhalation Solution; budesonide 0.125 MG/ML Inhalation Suspension; albuterol 0.83 MG/ML Inhalation Solution; budesonide 0.125 MG/ML Inhalation Suspension; albuterol 0.83 MG/ML Inhalation Solution; Acetaminophen 21.7 MG/ML / Dextromethorphan Hydrobromide 1 MG/ML / doxylamine succinate 0.417 MG/ML Oral Solution; Amoxicillin 250 MG / Clavulanate 125 MG Oral Tablet; budesonide 0.125 MG/ML Inhalation Suspension; albuterol 0.83 MG/ML Inhalation Solution; Ibuprofen 200 MG Oral Tablet; Acetaminophen 325 MG Oral Tablet; budesonide 0.125 MG/ML Inhalation Suspension; albuterol 0.83 MG/ML Inhalation Solution; budesonide 0.125 MG/ML Inhalation Suspension; albuterol 0.83 MG/ML Inhalation Solution; budesonide 0.125 MG/ML Inhalation Suspension; albuterol 0.83 MG/ML Inhalation Solution; budesonide 0.125 MG/ML Inhalation Suspension; albuterol 0.83 MG/ML Inhalation Solution; budesonide 0.125 MG/ML Inhalation Suspension; albuterol 0.83 MG/ML Inhalation Solution; budesonide 0.125 MG/ML Inhalation Suspension; albuterol 0.83 MG/ML Inhalation Solution; budesonide 0.125 MG/ML Inhalation Suspension; albuterol 0.83 MG/ML Inhalation Solution; budesonide 0.125 MG/ML Inhalation Suspension; albuterol 0.83 MG/ML Inhalation Solution; budesonide 0.125 MG/ML Inhalation Suspension; albuterol 0.83 MG/ML Inhalation Solution; budesonide 0.125 MG/ML Inhalation Suspension; albuterol 0.83 MG/ML Inhalation Solution; budesonide 0.125 MG/ML Inhalation Suspension; albuterol 0.83 MG/ML Inhalation Solution; budesonide 0.125 MG/ML Inhalation Suspension; albuterol 0.83 MG/ML Inhalation Solution; budesonide 0.125 MG/ML Inhalation Suspension; albuterol 0.83 MG/ML Inhalation Solution; Acetaminophen 325 MG Oral Tablet [Tylenol]; Amoxicillin 250 MG / Clavulanate 125 MG Oral Tablet; Penicillin V Potassium 250 MG Oral Tablet; Acetaminophen 325 MG Oral Tablet [Tylenol]; budesonide 0.125 MG/ML Inhalation Suspension; albuterol 0.83 MG/ML Inhalation Solution
f872a375-e14b-3cfb-b03d-008ccef4bb6d,Shirley182 Welch179,male,1928-03-02,"Educated to high school level (finding); Prediabetes (finding); Anemia (disorder); Body mass index 30+ - obesity (finding); Ischemic heart disease (disorder); Abnormal findings diagnostic imaging heart+coronary circulat (finding); History of coronary artery bypass grafting (situation); Leukemia, disease (disorder); History of peripheral stem cell transplant (situation); Diabetes mellitus type 2 (disorder); Essential hypertension (disorder); Hyperglycemia (disorder); Hypertriglyceridemia (disorder); Metabolic syndrome X (disorder); Medication review due (situation); Full-time employment (finding); Stress (finding); Acute infective cystitis (disorder); Victim of intimate partner abuse (finding); Gingivitis (disorder); Gingival disease (disorder); Leaking dental filling (finding); Fracture of bone (disorder); Fracture subluxation of wrist (disorder); Not in labor force (finding); Social isolation (finding); Stress (finding); Full-time employment (finding); Loose dental filling (finding); Fracture of bone (disorder); Fracture of clavicle (disorder); Alzheimer's disease (disorder); Part-time employment (finding); Gingivitis (disorder); Medication review due (situation); Viral sinusitis (disorder); Full-time employment (finding); Limited social contact (finding); Stress (finding); Medication review due (situation); Injury of neck (disorder); Whiplash injury to neck (disorder); Medication review due (situation); Part-time employment (finding); Reports of violence in the environment (finding); Osteoporosis (disorder)",24 HR metoprolol succinate 100 MG Extended Release Oral Tablet; Nitroglycerin 0.4 MG/ACTUAT Mucosal Spray; Hydrochlorothiazide 25 MG Oral Tablet; 24 HR Metformin hydrochloride 500 MG Extended Release Oral Tablet; lisinopril 10 MG Oral Tablet; Hydrochlorothiazide 25 MG Oral Tablet; 24 HR Metformin hydrochloride 500 MG Extended Release Oral Tablet; lisinopril 10 MG Oral Tablet; ciprofloxacin 500 MG Oral Tablet; Hydrochlorothiazide 25 MG Oral Tablet; 24 HR Metformin hydrochloride 500 MG Extended Release Oral Tablet; lisinopril 10 MG Oral Tablet; Hydrochlorothiazide 25 MG Oral Tablet; 24 HR Metformin hydrochloride 500 MG Extended Release Oral Tablet; lisinopril 10 MG Oral Tablet; Acetaminophen 325 MG / oxyCODONE Hydrochloride 5 MG Oral Tablet; Ibuprofen 200 MG Oral Tablet; Hydrochlorothiazide 25 MG Oral Tablet; 24 HR Metformin hydrochloride 500 MG Extended Release Oral Tablet; lisinopril 10 MG Oral Tablet; Hydrochlorothiazide 25 MG Oral Tablet; 24 HR Metformin hydrochloride 500 MG Extended Release Oral Tablet; lisinopril 10 MG Oral Tablet; Meperidine Hydrochloride 50 MG Oral Tablet; Acetaminophen 325 MG Oral Tablet; Hydrochlorothiazide 25 MG Oral Tablet; 24 HR Metformin hydrochloride 500 MG Extended Release Oral Tablet; lisinopril 10 MG Oral Tablet; Galantamine 4 MG Oral Tablet; Hydrochlorothiazide 25 MG Oral Tablet; 24 HR Metformin hydrochloride 500 MG Extended Release Oral Tablet; lisinopril 10 MG Oral Tablet; Hydrochlorothiazide 25 MG Oral Tablet; 24 HR Metformin hydrochloride 500 MG Extended Release Oral Tablet; lisinopril 10 MG Oral Tablet; Hydrochlorothiazide 25 MG Oral Tablet; 24 HR Metformin hydrochloride 500 MG Extended Release Oral Tablet; lisinopril 10 MG Oral Tablet; 24 HR Donepezil hydrochloride 10 MG / Memantine hydrochloride 28 MG Extended Release Oral Capsule; Hydrochlorothiazide 25 MG Oral Tablet; 24 HR Metformin hydrochloride 500 MG Extended Release Oral Tablet; lisinopril 10 MG Oral Tablet; Ibuprofen 200 MG Oral Tablet; Hydrochlorothiazide 25 MG Oral Tablet; 24 HR Metformin hydrochloride 500 MG Extended Release Oral Tablet; lisinopril 10 MG Oral Tablet; Hydrochlorothiazide 25 MG Oral Tablet; 24 HR Metformin hydrochloride 500 MG Extended Release Oral Tablet; lisinopril 10 MG Oral Tablet; Alendronic acid 10 MG Oral Tablet; Hydrochlorothiazide 25 MG Oral Tablet; 24 HR Metformin hydrochloride 500 MG Extended Release Oral Tablet; lisinopril 10 MG Oral Tablet; Alendronic acid 10 MG Oral Tablet
b18f1916-1e52-f5c8-ced7-98d7819e4252,Beula159 Okuneva707,female,1974-06-08,"Risk activity involvement (finding); Chronic sinusitis (disorder); Only received primary school education (finding); Transport problem (finding); Victim of intimate partner abuse (finding); History of tubal ligation (situation); Prediabetes (finding); Full-time employment (finding); Body mass index 30+ - obesity (finding); Anemia (disorder); Lack of access to transportation (finding); Social isolation (finding); Stress (finding); Medication review due (situation); Gingivitis (disorder); Primary dental caries (disorder); Medication review due (situation); Viral sinusitis (disorder); Reports of violence in the environment (finding); Acute viral pharyngitis (disorder); Not in labor force (finding); Acute viral pharyngitis (disorder); Full-time employment (finding); Stress (finding); Gingivitis (disorder); Acute bronchitis (disorder); Not in labor force (finding); Medication review due (situation); Sprain (morphologic abnormality); Sprain of ankle (disorder); Localized, primary osteoarthritis of the hand (disorder); Unemployed (finding); Primary dental caries (disorder); Viral sinusitis (disorder); Full-time employment (finding)",Hydrocortisone 10 MG/ML Topical Cream; Fexofenadine hydrochloride 60 MG Oral Tablet; NDA020800 0.3 ML Epinephrine 1 MG/ML Auto-Injector; Vitamin B12 5 MG/ML Injectable Solution; Amoxicillin 250 MG / Clavulanate 125 MG Oral Tablet; Acetaminophen 325 MG Oral Tablet; Naproxen sodium 220 MG Oral Tablet; Naproxen sodium 220 MG Oral Tablet
341e3cc7-d2d9-0494-4df7-225b360bc715,Ezekiel373 Hermann103,male,1989-06-01,Educated to high school level (finding); Full-time employment (finding); Stress (finding); Medication review due (situation); Not in labor force (finding); Unhealthy alcohol drinking behavior (finding); Viral sinusitis (disorder); Viral sinusitis (disorder); Full-time employment (finding); Infection of tooth (disorder); Loss of teeth (disorder); Viral sinusitis (disorder); Laceration - injury (disorder); Laceration of thigh (disorder); Medication review due (situation); Part-time employment (finding); Stress (finding); Gingivitis (disorder),Chlorpheniramine Maleate 2 MG/ML Oral Solution; NDA020800 0.3 ML Epinephrine 1 MG/ML Auto-Injector; Amoxicillin 250 MG / Clavulanate 125 MG Oral Tablet; Acetaminophen 325 MG Oral Tablet
b944cab5-92c4-7d85-fb60-adc312cbf715,Dave764 Nolan344,male,2003-05-14,Renal dysplasia (disorder); Anemia (disorder); Medication review due (situation); End-stage renal disease (disorder); Medication review due (situation); Awaiting transplantation of kidney (situation); Medication review due (situation); Medication review due (situation); Medication review due (situation); Medication review due (situation); Medication review due (situation); Medication review due (situation); Medication review due (situation); Medication review due (situation); Medication review due (situation); Medication review due (situation); Acute bronchitis (disorder); Medication review due (situation); Medication review due (situation); Medication review due (situation); Medication review due (situation),Vitamin B12 5 MG/ML Injectable Solution; Acetaminophen 325 MG Oral Tablet
f3b85c36-3bfc-db7d-4e9c-861013846f1b,Charisse42 Keebler762,female,2017-11-03,Medication review due (situation); Medication review due (situation); Acute viral pharyngitis (disorder); Medication review due (situation); Medication review due (situation); Medication review due (situation); Acute allergic reaction (disorder); Medication review due (situation); Medication review due (situation); Otitis media (disorder); Otitis media (disorder); Otitis media (disorder); Acute viral pharyngitis (disorder); Acute allergic reaction (disorder); Fracture of bone (disorder); Closed fracture of hip (disorder); Medication review due (situation),cetirizine hydrochloride 5 MG Oral Tablet; NDA020800 0.3 ML Epinephrine 1 MG/ML Auto-Injector; Amoxicillin 500 MG Oral Tablet; Ibuprofen 100 MG Oral Tablet; Amoxicillin 500 MG Oral Tablet; Ibuprofen 100 MG Oral Tablet; Amoxicillin 500 MG Oral Tablet; Ibuprofen 100 MG Oral Tablet; Acetaminophen 160 MG Chewable Tablet
e745d541-5194-b1e9-d8d3-4e774968cbe6,Yevette778 Crooks415,female,1998-04-14,Risk activity involvement (finding); Medication review due (situation); Only received primary school education (finding); Unemployed (finding); Transport problem (finding); Social isolation (finding); Stress (finding); Lack of access to transportation (finding); Limited social contact (finding); Gingivitis (disorder); Acute infective cystitis (disorder); Pulmonary emphysema (disorder); Laceration - injury (disorder); Laceration of forearm (disorder); Medication review due (situation); Unhealthy alcohol drinking behavior (finding); Normal pregnancy (finding); Medication review due (situation); Limited social contact (finding); Gingivitis (disorder); Medication review due (situation); Medication review due (situation); Stress (finding); Normal pregnancy (finding); Miscarriage in second trimester (disorder); Congenital uterine anomaly (disorder); Past pregnancy history of miscarriage (situation); Limited social contact (finding); Medication review due (situation); Stress (finding),Errin 28 Day Pack; Camila 28 Day Pack; Errin 28 Day Pack; cephalexin 500 MG Oral Tablet; Naproxen sodium 220 MG Oral Tablet; 60 ACTUAT Fluticasone propionate 0.25 MG/ACTUAT / salmeterol 0.05 MG/ACTUAT Dry Powder Inhaler; albuterol 5 MG/ML Inhalation Solution; albuterol 5 MG/ML Inhalation Solution; 60 ACTUAT Fluticasone propionate 0.25 MG/ACTUAT / salmeterol 0.05 MG/ACTUAT Dry Powder Inhaler; albuterol 5 MG/ML Inhalation Solution; 60 ACTUAT Fluticasone propionate 0.25 MG/ACTUAT / salmeterol 0.05 MG/ACTUAT Dry Powder Inhaler; albuterol 5 MG/ML Inhalation Solution; 60 ACTUAT Fluticasone propionate 0.25 MG/ACTUAT / salmeterol 0.05 MG/ACTUAT Dry Powder Inhaler; albuterol 5 MG/ML Inhalation Solution; 60 ACTUAT Fluticasone propionate 0.25 MG/ACTUAT / salmeterol 0.05 MG/ACTUAT Dry Powder Inhaler; albuterol 5 MG/ML Inhalation Solution; 60 ACTUAT Fluticasone propionate 0.25 MG/ACTUAT / salmeterol 0.05 MG/ACTUAT Dry Powder Inhaler; Trinessa 28 Day Pack; albuterol 5 MG/ML Inhalation Solution; 60 ACTUAT Fluticasone propionate 0.25 MG/ACTUAT / salmeterol 0.05 MG/ACTUAT Dry Powder Inhaler
5137dc65-cc65-548b-3c3c-5c57b9ac69e8,Stanton715 Veum823,male,2003-05-14,Childhood asthma (disorder); Medication review due (situation); Risk activity involvement (finding); Sprain (morphologic abnormality); Sprain of ankle (disorder); Gingivitis (disorder); Gingival disease (disorder); Primary dental caries (disorder); Medication review due (situation); Medication review due (situation); Risk activity involvement (finding); Viral sinusitis (disorder); Only received primary school education (finding); Part-time employment (finding); Social isolation (finding); Medication review due (situation); Stress (finding); Reports of violence in the environment (finding); Full-time employment (finding); Streptococcal sore throat (disorder); Medication review due (situation); Not in labor force (finding); Social isolation (finding); Gingivitis (disorder); Laceration - injury (disorder); Laceration of foot (disorder); Limited social contact (finding); Medication review due (situation); Full-time employment (finding); Acute bronchitis (disorder),NDA020983 200 ACTUAT albuterol 0.09 MG/ACTUAT Metered Dose Inhaler [Ventolin]; budesonide 0.125 MG/ML Inhalation Suspension [Pulmicort]; NDA020983 200 ACTUAT albuterol 0.09 MG/ACTUAT Metered Dose Inhaler [Ventolin]; budesonide 0.125 MG/ML Inhalation Suspension [Pulmicort]; Naproxen sodium 220 MG Oral Tablet; NDA020983 200 ACTUAT albuterol 0.09 MG/ACTUAT Metered Dose Inhaler [Ventolin]; budesonide 0.125 MG/ML Inhalation Suspension [Pulmicort]; NDA020983 200 ACTUAT albuterol 0.09 MG/ACTUAT Metered Dose Inhaler [Ventolin]; budesonide 0.125 MG/ML Inhalation Suspension [Pulmicort]; NDA020983 200 ACTUAT albuterol 0.09 MG/ACTUAT Metered Dose Inhaler [Ventolin]; budesonide 0.125 MG/ML Inhalation Suspension [Pulmicort]; NDA020983 200 ACTUAT albuterol 0.09 MG/ACTUAT Metered Dose Inhaler [Ventolin]; budesonide 0.125 MG/ML Inhalation Suspension [Pulmicort]; NDA020983 200 ACTUAT albuterol 0.09 MG/ACTUAT Metered Dose Inhaler [Ventolin]; budesonide 0.125 MG/ML Inhalation Suspension [Pulmicort]; NDA020983 200 ACTUAT albuterol 0.09 MG/ACTUAT Metered Dose Inhaler [Ventolin]; budesonide 0.125 MG/ML Inhalation Suspension [Pulmicort]; NDA020983 200 ACTUAT albuterol 0.09 MG/ACTUAT Metered Dose Inhaler [Ventolin]; budesonide 0.125 MG/ML Inhalation Suspension [Pulmicort]; Penicillin V Potassium 500 MG Oral Tablet; NDA020983 200 ACTUAT albuterol 0.09 MG/ACTUAT Metered Dose Inhaler [Ventolin]; budesonide 0.125 MG/ML Inhalation Suspension [Pulmicort]; NDA020983 200 ACTUAT albuterol 0.09 MG/ACTUAT Metered Dose Inhaler [Ventolin]; budesonide 0.125 MG/ML Inhalation Suspension [Pulmicort]; Acetaminophen 325 MG Oral Tablet; NDA020983 200 ACTUAT albuterol 0.09 MG/ACTUAT Metered Dose Inhaler [Ventolin]; budesonide 0.125 MG/ML Inhalation Suspension [Pulmicort]; NDA020983 200 ACTUAT albuterol 0.09 MG/ACTUAT Metered Dose Inhaler [Ventolin]; budesonide 0.125 MG/ML Inhalation Suspension [Pulmicort]; NDA020983 200 ACTUAT albuterol 0.09 MG/ACTUAT Metered Dose Inhaler [Ventolin]; budesonide 0.125 MG/ML Inhalation Suspension [Pulmicort]; Acetaminophen 325 MG Oral Tablet
d96dc857-816b-57ea-b3ca-aa560bfa70a1,Timothy142 Kling921,male,1965-04-26,Risk activity involvement (finding); Received higher education (finding); Prediabetes (finding); Anemia (disorder); Has a criminal record (finding); Body mass index 30+ - obesity (finding); Hyperlipidemia (disorder); Chronic pain (finding); Chronic low back pain (finding); Fibromyalgia (disorder); Stress (finding); Part-time employment (finding); Limited social contact (finding); Reports of violence in the environment (finding); Medication review due (situation); Full-time employment (finding); Social isolation (finding); Medication review due (situation); Part-time employment (finding); Primary dental caries (disorder); Fracture of bone (disorder); Fracture of ankle (disorder); Full-time employment (finding); Stress (finding); Viral sinusitis (disorder); Medication review due (situation); Part-time employment (finding); Stress (finding); Gingivitis (disorder); Full-time employment (finding); Medication review due (situation); Not in labor force (finding); Medication review due (situation); Full-time employment (finding); Stress (finding); Gingivitis (disorder); Loose dental filling (finding); Unhealthy alcohol drinking behavior (finding); Gingivitis (disorder); Osteoporosis (disorder),Simvastatin 10 MG Oral Tablet; Acetaminophen 300 MG / Hydrocodone Bitartrate 5 MG Oral Tablet; Ibuprofen 400 MG Oral Tablet [Ibu]; Simvastatin 10 MG Oral Tablet; Ibuprofen 400 MG Oral Tablet [Ibu]; Simvastatin 10 MG Oral Tablet; Ibuprofen 400 MG Oral Tablet [Ibu]; Simvastatin 10 MG Oral Tablet; Naproxen sodium 220 MG Oral Tablet; Ibuprofen 400 MG Oral Tablet [Ibu]; Simvastatin 10 MG Oral Tablet; Ibuprofen 400 MG Oral Tablet [Ibu]; Simvastatin 10 MG Oral Tablet; Amoxicillin 250 MG / Clavulanate 125 MG Oral Tablet; Ibuprofen 400 MG Oral Tablet [Ibu]; Simvastatin 10 MG Oral Tablet; Ibuprofen 400 MG Oral Tablet [Ibu]; Simvastatin 10 MG Oral Tablet; Ibuprofen 400 MG Oral Tablet [Ibu]; Simvastatin 10 MG Oral Tablet; Ibuprofen 400 MG Oral Tablet [Ibu]; Simvastatin 10 MG Oral Tablet; Ibuprofen 400 MG Oral Tablet [Ibu]; Simvastatin 10 MG Oral Tablet; Ibuprofen 400 MG Oral Tablet [Ibu]; Alendronic acid 10 MG Oral Tablet; Simvastatin 10 MG Oral Tablet
